Sentiment;Review
positive;This app is amazing! It works perfectly every time.
negative;The app keeps crashing, very disappointing.
positive;Great experience, highly recommend it!
negative;Terrible interface, hard to navigate.
positive;Love the speed and simplicity of this tool.
negative;Constant bugs, not worth the time.
positive;Best app I've used in a long time!
negative;Poor customer support, no help at all.
positive;Very intuitive and easy to use.
negative;The app is slow and unresponsive.
positive;Fantastic features, great value!
negative;Unreliable, crashes multiple times a day.
positive;Highly efficient, saves me so much time.
negative;The design is outdated and clunky.
positive;Excellent performance, love it!
negative;No updates, feels abandoned.
positive;Super helpful, 5 stars from me!
negative;Data sync fails constantly.
positive;Very user-friendly, great job!
negative;Horrible experience, uninstalling now.
positive;Top-notch quality, highly satisfied.
negative;Too many ads, ruins the experience.
positive;Fast and reliable, perfect for my needs.
negative;Bugs everywhere, can't use it.
positive;Incredible tool, exceeded my expectations.
negative;Support is non-existent, frustrating.
positive;Easy to learn, great for beginners.
negative;App freezes every few minutes.
positive;Outstanding service, very impressed.
negative;Poor performance on my device.
positive;Love the clean design and functionality.
negative;Constant errors, unusable.
positive;Highly recommend to everyone!
negative;Slow loading times, very annoying.
positive;Best in its category, amazing!
negative;Interface is confusing and laggy.
positive;Great support team, quick responses.
negative;No new features, feels stale.
positive;Perfect for daily use, love it!
negative;Crashing issues ruin the app.
positive;Very smooth and efficient.
negative;Unstable, keeps disconnecting.
positive;Top quality, highly satisfied.
negative;Too expensive for what it offers.
positive;Easy to navigate, great UI.
negative;Bugs make it impossible to use.
positive;Excellent app, 5 stars!
negative;Slow and glitchy, very bad.
positive;Love the updates, keeps getting better.
negative;No help from support, terrible.
positive;Very reliable, works like a charm.
negative;App crashes on startup every time.
positive;Great value for the price.
negative;Outdated features, not competitive.
positive;Super fast, love using it!
negative;Constant pop-ups, annoying.
positive;Best experience I've had with an app.
negative;Unresponsive, feels broken.
positive;Highly functional, great design.
negative;Poor stability, crashes often.
positive;Love the new features added!
negative;No customer care, disappointing.
positive;Very smooth operation, excellent.
negative;Glitches ruin the user experience.
positive;Top-tier app, highly recommend.
negative;Slow to load, frustrating.
positive;Easy and effective, 5 stars!
negative;Bugs destroy the functionality.
positive;Great performance, love it!
negative;Unreliable, can't depend on it.
positive;Best tool for the job, amazing.
negative;Interface is a mess, unusable.
positive;Very user-friendly, great work!
negative;Constant errors, no fixes.
positive;Love the speed and reliability.
negative;Poor design, hard to use.
positive;Excellent updates, keeps improving.
negative;App fails to sync properly.
positive;Highly satisfied with the service.
negative;No support, left in the dark.
positive;Perfect for my workflow, love it!
negative;Crashing issues persist, bad app.